"DESCRIPTION","DURATION IN MS","NAME","PARENT SUITE","START TIME","STATUS","STOP TIME","SUB SUITE","SUITE","TEST CLASS","TEST METHOD"
"","5932","Search employee with empty data","chromium","2026-05-30","passed","2026-05-30","PIM - Employee Search","PIM/employeesearch.spec.js","",""
"","7392","leave period check","firefox","2026-05-30","passed","2026-05-30","Apply Leave Tests","Leave/applyleave.spec.js","",""
"","6870","Verify Reporting Methods page opens","webkit","2026-05-30","passed","2026-05-30","PIM - Add Employee","PIM/configpim.spec.js","",""
"","10882","Verify Add Employee page fields visible","firefox","2026-05-30","passed","2026-05-30","PIM - Add Employee","PIM/addEmployee.spec.js","",""
"","5725","My Trackers","chromium","2026-05-30","passed","2026-05-30","Performance Tests","Perfomance/Performance.spec.js","",""
"","7350","Verify employee table visible","webkit","2026-05-30","passed","2026-05-30","PIM - Employee Search","PIM/employeesearch.spec.js","",""
"","10497","Configuration Events","webkit","2026-05-30","passed","2026-05-30","Expenses claim Tests","Expenses claim/claim.spec.js","",""
"","8375","Verify Leave List page visible","firefox","2026-05-30","passed","2026-05-30","Leave Module Tests","Leave/leave.spec.js","",""
"","2383","Verify login page UI elements","firefox","2026-05-30","passed","2026-05-30","OrangeHRM Authentication","Authentication/login.spec.js","",""
"","8093","Apply Leave","firefox","2026-05-30","passed","2026-05-30","Apply Leave Tests","Leave/applyleave.spec.js","",""
"","2855","Prevent access to dashboard without login","firefox","2026-05-30","passed","2026-05-30","OrangeHRM Authentication","Authentication/login.spec.js","",""
"","5447","Open Leave module","firefox","2026-05-30","passed","2026-05-30","Leave Module Tests","Leave/leave.spec.js","",""
"","8170","Apply Leave","webkit","2026-05-30","passed","2026-05-30","Apply Leave Tests","Leave/applyleave.spec.js","",""
"","9303","Validate required fields on submit","firefox","2026-05-30","passed","2026-05-30","PIM - Employee Validation Tests","PIM/employeevalidation.spec.js","",""
"","9502","Verify Reset button visible","firefox","2026-05-30","passed","2026-05-30","Leave List Tests","Leave/leavelist.spec.js","",""
"","6688","Verify Add Employee page fields visible","chromium","2026-05-30","passed","2026-05-30","PIM - Add Employee","PIM/addEmployee.spec.js","",""
"","4517","Login with valid credentials","chromium","2026-05-30","passed","2026-05-30","OrangeHRM Authentication","Authentication/login.spec.js","",""
"","8556","Configure Trackers","chromium","2026-05-30","passed","2026-05-30","Performance Tests","Perfomance/Performance.spec.js","",""
"","5279","Assign Claim","chromium","2026-05-30","passed","2026-05-30","Expenses claim Tests","Expenses claim/claim.spec.js","",""
"","2912","Login with empty password","webkit","2026-05-30","passed","2026-05-30","OrangeHRM Authentication","Authentication/login.spec.js","",""
"","6536","project info with time check","firefox","2026-05-30","passed","2026-05-30","Time Tests","Time/projectinfo.spec.js","",""
"","7437","Verify Reset button visible","chromium","2026-05-30","passed","2026-05-30","Leave List Tests","Leave/leavelist.spec.js","",""
"","4699","Reset employee search fields","chromium","2026-05-30","passed","2026-05-30","PIM - Employee Search","PIM/employeesearch.spec.js","",""
"","8020","Employment Status","webkit","2026-05-30","passed","2026-05-30","Admin functionality Tests","Admin/job.spec.js","",""
"","7862","Open Leave module","webkit","2026-05-30","passed","2026-05-30","Leave Module Tests","Leave/leave.spec.js","",""
"","7757","Rejected leave","webkit","2026-05-30","passed","2026-05-30","Apply Leave Tests","Leave/applyleave.spec.js","",""
"","12739","Session should end after logout","webkit","2026-05-30","passed","2026-05-30","OrangeHRM Logout Module","Authentication/logout.spec.js","",""
"","6423","Checking the status","chromium","2026-05-30","passed","2026-05-30","Vacancies Tests","Recruitment/Vacancies.spec.js","",""
"","6992","my entitlements","chromium","2026-05-30","passed","2026-05-30","Leave List Tests","Leave/Entitlement.spec.js","",""
"","7128","Verify Vacancies tab","firefox","2026-05-30","passed","2026-05-30","Recruitment Tests","Recruitment/recruitment.spec.js","",""
"","7790","Add employee with only first name (negative case)","chromium","2026-05-30","passed","2026-05-30","PIM - Add Employee","PIM/addEmployee.spec.js","",""
"","8394","Verify Leave Type dropdown visible","firefox","2026-05-30","passed","2026-05-30","Leave List Tests","Leave/leavelist.spec.js","",""
"","5562","Verify Leave List page visible","chromium","2026-05-30","passed","2026-05-30","Leave Module Tests","Leave/leave.spec.js","",""
"","7651","Quick Launch - Assign Leave","firefox","2026-05-30","passed","2026-05-30","Dashboard Module Tests","Dashboard/dashboard.spec.js","",""
"","6194","Verify Data Import page opens","webkit","2026-05-30","passed","2026-05-30","PIM - Add Employee","PIM/configpim.spec.js","",""
"","7522","to know about work shifts","webkit","2026-05-30","passed","2026-05-30","Admin Tests","Admin/admin.spec.js","",""
"","9234","My Info","firefox","2026-05-30","passed","2026-05-30","profile Tests","Profile/myinfo.spec.js","",""
"","6936","leave history","firefox","2026-05-30","passed","2026-05-30","Apply Leave Tests","Leave/applyleave.spec.js","",""
"","7206","Open Apply Leave page","webkit","2026-05-30","passed","2026-05-30","Leave Module Tests","Leave/leave.spec.js","",""
"","6937","Verify Apply button visible","firefox","2026-05-30","passed","2026-05-30","Leave Module Tests","Leave/leave.spec.js","",""
"","6193","Search employee using partial name","webkit","2026-05-30","passed","2026-05-30","PIM - Employee Search","PIM/employeesearch.spec.js","",""
"","7152","My Claims","firefox","2026-05-30","passed","2026-05-30","Expenses claim Tests","Expenses claim/claim.spec.js","",""
"","12059","Help menu - AWS Guide","firefox","2026-05-30","passed","2026-05-30","Dashboard Module Tests","Dashboard/dashboard.spec.js","",""
"","5691","Verify Vacancies tab","chromium","2026-05-30","passed","2026-05-30","Recruitment Tests","Recruitment/recruitment.spec.js","",""
"","6743","MyReviews","firefox","2026-05-30","passed","2026-05-30","Performance Tests","Perfomance/Performance.spec.js","",""
"","4837","Verify employee search field visible","chromium","2026-05-30","passed","2026-05-30","PIM - Employee Search","PIM/employeesearch.spec.js","",""
"","8778","Widget visibility","firefox","2026-05-30","passed","2026-05-30","Dashboard Module Tests","Dashboard/dashboard.spec.js","",""
"","8581","Edit Claim","webkit","2026-05-30","passed","2026-05-30","Expenses claim Tests","Expenses claim/claim.spec.js","",""
"","9789","Validate required fields on submit","chromium","2026-05-30","passed","2026-05-30","PIM - Employee Validation Tests","PIM/employeevalidation.spec.js","",""
"","9038","Verify Apply button visible","webkit","2026-05-30","passed","2026-05-30","Leave Module Tests","Leave/leave.spec.js","",""
"","6338","customers project info with time check","firefox","2026-05-30","passed","2026-05-30","Time Tests","Time/projectinfo.spec.js","",""
"","8919","to edit the timesheet","chromium","2026-05-30","passed","2026-05-30","Time Tests","Time/timesheet.spec.js","",""
"","7842","Dependents","firefox","2026-05-30","passed","2026-05-30","profile Tests","Profile/myinfo.spec.js","",""
"","12347","Help menu- Admin User Guide","firefox","2026-05-30","passed","2026-05-30","Dashboard Module Tests","Dashboard/dashboard.spec.js","",""
"","7349","configuration with time check","webkit","2026-05-30","passed","2026-05-30","Time Tests","Time/Attendancetime.spec.js","",""
"","7602","Add employee with only first name (negative case)","webkit","2026-05-30","passed","2026-05-30","PIM - Add Employee","PIM/addEmployee.spec.js","",""
"","9123","Quick Launch - Assign Leave","webkit","2026-05-30","passed","2026-05-30","Dashboard Module Tests","Dashboard/dashboard.spec.js","",""
"","6352","Checking the name of the hiring manager","chromium","2026-05-30","passed","2026-05-30","Vacancies Tests","Recruitment/Vacancies.spec.js","",""
"","8081","Assign Claim","webkit","2026-05-30","passed","2026-05-30","Expenses claim Tests","Expenses claim/claim.spec.js","",""
"","14762","Reset employee search fields","firefox","2026-05-30","passed","2026-05-30","PIM - Employee Search","PIM/employeesearch.spec.js","",""
"","7444","employee attendance record check","webkit","2026-05-30","passed","2026-05-30","Time Tests","Time/Attendancetime.spec.js","",""
"","7230","Add employee successfully","chromium","2026-05-30","passed","2026-05-30","PIM - Add Employee","PIM/addEmployee.spec.js","",""
"","7443","to validate the timesheet","chromium","2026-05-30","passed","2026-05-30","Time Tests","Time/timesheet.spec.js","",""
"","6793","My Info","webkit","2026-05-30","passed","2026-05-30","profile Tests","Profile/myinfo.spec.js","",""
"","6608","employee attendance record check","chromium","2026-05-30","passed","2026-05-30","Time Tests","Time/Attendancetime.spec.js","",""
"","6876","Configure Performance","firefox","2026-05-30","passed","2026-05-30","Performance Tests","Perfomance/Performance.spec.js","",""
"","6703","attendance summary with time check","firefox","2026-05-30","passed","2026-05-30","Time Tests","Time/Reports.spec.js","",""
"","5619","employee Reviews","chromium","2026-05-30","passed","2026-05-30","Performance Tests","Perfomance/Performance.spec.js","",""
"","8369","Salary","firefox","2026-05-30","passed","2026-05-30","profile Tests","Profile/myinfo.spec.js","",""
"","7407","Verify Optional Fields page opens","chromium","2026-05-30","passed","2026-05-30","PIM - Add Employee","PIM/configpim.spec.js","",""
"","13918","Help menu - Mobile App","webkit","2026-05-30","passed","2026-05-30","Dashboard Module Tests","Dashboard/dashboard.spec.js","",""
"","5783","configuration with time check","chromium","2026-05-30","passed","2026-05-30","Time Tests","Time/Attendancetime.spec.js","",""
"","9698","My Claims","webkit","2026-05-30","passed","2026-05-30","Expenses claim Tests","Expenses claim/claim.spec.js","",""
"","8597","Employee Trackers","webkit","2026-05-30","passed","2026-05-30","Performance Tests","Perfomance/Performance.spec.js","",""
"","2435","Login with empty username","webkit","2026-05-30","passed","2026-05-30","OrangeHRM Authentication","Authentication/login.spec.js","",""
"","9933","Add employee successfully","firefox","2026-05-30","passed","2026-05-30","PIM - Add Employee","PIM/addEmployee.spec.js","",""
"","7391","Work Shifts","chromium","2026-05-30","passed","2026-05-30","Admin functionality Tests","Admin/job.spec.js","",""
"","9329","Help menu - FAQs","chromium","2026-05-30","passed","2026-05-30","Dashboard Module Tests","Dashboard/dashboard.spec.js","",""
"","6543","project info with time check","webkit","2026-05-30","passed","2026-05-30","Time Tests","Time/projectinfo.spec.js","",""
"","14240","Employment Status","firefox","2026-05-30","passed","2026-05-30","Admin functionality Tests","Admin/job.spec.js","",""
"","7627","Checking the name of the hiring manager","webkit","2026-05-30","passed","2026-05-30","Vacancies Tests","Recruitment/Vacancies.spec.js","",""
"","8717","Checking the status","firefox","2026-05-30","passed","2026-05-30","Vacancies Tests","Recruitment/Vacancies.spec.js","",""
"","4386","View Profile","chromium","2026-05-30","passed","2026-05-30","profile Tests","Profile/profile.spec.js","",""
"","9267","project reports with time check","chromium","2026-05-30","passed","2026-05-30","Time Tests","Time/Reports.spec.js","",""
"","8287","Verify Search button visible","webkit","2026-05-30","passed","2026-05-30","Leave List Tests","Leave/leavelist.spec.js","",""
"","15980","Pay Grades","firefox","2026-05-30","passed","2026-05-30","Admin functionality Tests","Admin/job.spec.js","",""
"","4624","Widget visibility","chromium","2026-05-30","passed","2026-05-30","Dashboard Module Tests","Dashboard/dashboard.spec.js","",""
"","6944","Search employee using partial name","firefox","2026-05-30","passed","2026-05-30","PIM - Employee Search","PIM/employeesearch.spec.js","",""
"","5408","Session should end after logout","chromium","2026-05-30","passed","2026-05-30","OrangeHRM Logout Module","Authentication/logout.spec.js","",""
"","8719","Help menu- Admin User Guide","chromium","2026-05-30","passed","2026-05-30","Dashboard Module Tests","Dashboard/dashboard.spec.js","",""
"","6278","Verify reset button visible","webkit","2026-05-30","passed","2026-05-30","PIM - Employee Search","PIM/employeesearch.spec.js","",""
"","6137","Verify Cancel button navigates back","chromium","2026-05-30","passed","2026-05-30","PIM - Add Employee","PIM/addEmployee.spec.js","",""
"","9519","add button","firefox","2026-05-30","passed","2026-05-30","Vacancies Tests","Recruitment/Vacancies.spec.js","",""
"","3799","Login with valid credentials","webkit","2026-05-30","passed","2026-05-30","OrangeHRM Authentication","Authentication/login.spec.js","",""
"","2708","Login with empty password","chromium","2026-05-30","passed","2026-05-30","OrangeHRM Authentication","Authentication/login.spec.js","",""
"","6806","employee Reviews","firefox","2026-05-30","passed","2026-05-30","Performance Tests","Perfomance/Performance.spec.js","",""
"","8018","Corporate Branding","firefox","2026-05-30","passed","2026-05-30","Admin functionality Tests","Admin/adminfunc.spec.js","",""
"","7242","Emergency Contacts","firefox","2026-05-30","passed","2026-05-30","profile Tests","Profile/myinfo.spec.js","",""
"","7131","Job Categories","firefox","2026-05-30","passed","2026-05-30","Admin functionality Tests","Admin/job.spec.js","",""
"","7268","entitlements","webkit","2026-05-30","passed","2026-05-30","Leave List Tests","Leave/Entitlement.spec.js","",""
"","7063","Verify Apply button visible","chromium","2026-05-30","passed","2026-05-30","Leave Module Tests","Leave/leave.spec.js","",""
"","6913","Verify Vacancies tab","webkit","2026-05-30","passed","2026-05-30","Recruitment Tests","Recruitment/recruitment.spec.js","",""
"","15522","Memberships","webkit","2026-05-30","passed","2026-05-30","profile Tests","Profile/myinfo.spec.js","",""
"","19556","checking the candidate who is IT manager","firefox","2026-05-30","passed","2026-05-30","Candidates Tests","Recruitment/candidates.spec.js","",""
"","2901","Login with empty username","firefox","2026-05-30","passed","2026-05-30","OrangeHRM Authentication","Authentication/login.spec.js","",""
"","6302","to view the timesheet","firefox","2026-05-30","passed","2026-05-30","Time Tests","Time/timesheet.spec.js","",""
"","8580","Corporate Branding","webkit","2026-05-30","passed","2026-05-30","Admin functionality Tests","Admin/adminfunc.spec.js","",""
"","11588","Help menu - Employee User Guide","webkit","2026-05-30","passed","2026-05-30","Dashboard Module Tests","Dashboard/dashboard.spec.js","",""
"","12732","checking who are shortlisted","webkit","2026-05-30","passed","2026-05-30","Candidates Tests","Recruitment/candidates.spec.js","",""
"","7878","add button","webkit","2026-05-30","passed","2026-05-30","Vacancies Tests","Recruitment/Vacancies.spec.js","",""
"","9332","Help menu - Mobile App","firefox","2026-05-30","passed","2026-05-30","Dashboard Module Tests","Dashboard/dashboard.spec.js","",""
"","7449","Edit Claim","chromium","2026-05-30","passed","2026-05-30","Expenses claim Tests","Expenses claim/claim.spec.js","",""
"","12641","Search employee after navigation","webkit","2026-05-30","passed","2026-05-30","PIM - Employee Full Flow","PIM/employeeflow.spec.js","",""
"","8829","View Support","webkit","2026-05-30","passed","2026-05-30","profile Tests","Profile/profile.spec.js","",""
"","9276","employee entitlements","webkit","2026-05-30","passed","2026-05-30","Leave List Tests","Leave/Entitlement.spec.js","",""
"","7197","employee entitlements","firefox","2026-05-30","passed","2026-05-30","Leave List Tests","Leave/Entitlement.spec.js","",""
"","6628","attendance summary with time check","chromium","2026-05-30","passed","2026-05-30","Time Tests","Time/Reports.spec.js","",""
"","6411","Open Apply Leave page","chromium","2026-05-30","passed","2026-05-30","Leave Module Tests","Leave/leave.spec.js","",""
"","7571","Rejected leave","chromium","2026-05-30","passed","2026-05-30","Apply Leave Tests","Leave/applyleave.spec.js","",""
"","4959","Logout successfully","chromium","2026-05-30","passed","2026-05-30","OrangeHRM Logout Module","Authentication/logout.spec.js","",""
"","8947","employee reports with time check","chromium","2026-05-30","passed","2026-05-30","Time Tests","Time/Reports.spec.js","",""
"","7598","entitlements","chromium","2026-05-30","passed","2026-05-30","Leave List Tests","Leave/Entitlement.spec.js","",""
"","7843","Job Categories","webkit","2026-05-30","passed","2026-05-30","Admin functionality Tests","Admin/job.spec.js","",""
"","5001","Emergency Contacts","chromium","2026-05-30","passed","2026-05-30","profile Tests","Profile/myinfo.spec.js","",""
"","12134","checking the candidate who is IT manager","webkit","2026-05-30","passed","2026-05-30","Candidates Tests","Recruitment/candidates.spec.js","",""
"","2619","Verify login page UI elements","webkit","2026-05-30","passed","2026-05-30","OrangeHRM Authentication","Authentication/login.spec.js","",""
"","7151","Submit Claim","chromium","2026-05-30","passed","2026-05-30","Expenses claim Tests","Expenses claim/claim.spec.js","",""
"","9215","Verify Custom Fields page opens","chromium","2026-05-30","passed","2026-05-30","PIM - Add Employee","PIM/configpim.spec.js","",""
"","12656","Help menu - AWS Guide","webkit","2026-05-30","passed","2026-05-30","Dashboard Module Tests","Dashboard/dashboard.spec.js","",""
"","30137","Verify Add Employee page loads correctly","webkit","2026-05-30","broken","2026-05-30","PIM - Employee Validation Tests","PIM/employeevalidation.spec.js","",""
"","8651","Verify Leave Type dropdown visible","chromium","2026-05-30","passed","2026-05-30","Leave List Tests","Leave/leavelist.spec.js","",""
"","14629","licences of employee","webkit","2026-05-30","passed","2026-05-30","Admin functionality Tests","Admin/adminfunc.spec.js","",""
"","8873","Search employee by name","chromium","2026-05-30","passed","2026-05-30","PIM - Employee Search","PIM/employeesearch.spec.js","",""
"","8775","Verify Leave Type dropdown visible","webkit","2026-05-30","passed","2026-05-30","Leave List Tests","Leave/leavelist.spec.js","",""
"","4802","Open Nationalities page","chromium","2026-05-30","passed","2026-05-30","Admin Tests","Admin/admin.spec.js","",""
"","8250","Change Password","webkit","2026-05-30","passed","2026-05-30","profile Tests","Profile/profile.spec.js","",""
"","7771","My Records with time check","webkit","2026-05-30","passed","2026-05-30","Time Tests","Time/Attendancetime.spec.js","",""
"","9631","my entitlements","webkit","2026-05-30","passed","2026-05-30","Leave List Tests","Leave/Entitlement.spec.js","",""
"","6002","Open Admin module","chromium","2026-05-30","passed","2026-05-30","Admin Tests","Admin/admin.spec.js","",""
"","8276","Verify Cancel button returns to PIM page","chromium","2026-05-30","passed","2026-05-30","PIM - Employee Validation Tests","PIM/employeevalidation.spec.js","",""
"","14997","Pay Grades","chromium","2026-05-30","passed","2026-05-30","Admin functionality Tests","Admin/job.spec.js","",""
"","8179","Quick Launch - Timesheets","firefox","2026-05-30","passed","2026-05-30","Dashboard Module Tests","Dashboard/dashboard.spec.js","",""
"","6511","entitlements","firefox","2026-05-30","passed","2026-05-30","Leave List Tests","Leave/Entitlement.spec.js","",""
"","7930","workweeks check","chromium","2026-05-30","passed","2026-05-30","Apply Leave Tests","Leave/applyleave.spec.js","",""
"","8357","Edit Claim","firefox","2026-05-30","passed","2026-05-30","Expenses claim Tests","Expenses claim/claim.spec.js","",""
"","9328","Verify Leave Type dropdown visible","chromium","2026-05-30","passed","2026-05-30","Apply Leave Tests","Leave/applyleave.spec.js","",""
"","5955","Verify employee list page opens","firefox","2026-05-30","passed","2026-05-30","PIM - Employee Search","PIM/employeesearch.spec.js","",""
"","8179","Verify Termination Reasons page opens","chromium","2026-05-30","passed","2026-05-30","PIM - Add Employee","PIM/configpim.spec.js","",""
"","7898","Quick Launch - Timesheets","webkit","2026-05-30","passed","2026-05-30","Dashboard Module Tests","Dashboard/dashboard.spec.js","",""
"","8582","Verify Leave Type dropdown visible","webkit","2026-05-30","passed","2026-05-30","Apply Leave Tests","Leave/applyleave.spec.js","",""
"","7038","Verify Time tab","firefox","2026-05-30","passed","2026-05-30","Time Tests","Time/timesheet.spec.js","",""
"","6647","employee reports with time check","firefox","2026-05-30","passed","2026-05-30","Time Tests","Time/Reports.spec.js","",""
"","7044","Session should end after logout","firefox","2026-05-30","passed","2026-05-30","OrangeHRM Logout Module","Authentication/logout.spec.js","",""
"","7244","my entitlements","firefox","2026-05-30","passed","2026-05-30","Leave List Tests","Leave/Entitlement.spec.js","",""
"","10633","Employee Distribution by Location","chromium","2026-05-30","passed","2026-05-30","Dashboard Module Tests","Dashboard/dashboard.spec.js","",""
"","3738","Login with invalid username","webkit","2026-05-30","passed","2026-05-30","OrangeHRM Authentication","Authentication/login.spec.js","",""
"","6571","Search employee after navigation","chromium","2026-05-30","passed","2026-05-30","PIM - Employee Full Flow","PIM/employeeflow.spec.js","",""
"","4987","Login and Logout flow","webkit","2026-05-30","passed","2026-05-30","OrangeHRM Authentication","Authentication/login.spec.js","",""
"","5537","Employee Trackers","chromium","2026-05-30","passed","2026-05-30","Performance Tests","Perfomance/Performance.spec.js","",""
"","7972","leave history","chromium","2026-05-30","passed","2026-05-30","Apply Leave Tests","Leave/applyleave.spec.js","",""
"","7030","Open Admin module","firefox","2026-05-30","passed","2026-05-30","Admin Tests","Admin/admin.spec.js","",""
"","2648","Prevent access to dashboard without login","webkit","2026-05-30","passed","2026-05-30","OrangeHRM Authentication","Authentication/login.spec.js","",""
"","7008","Verify Candidates tab","chromium","2026-05-30","passed","2026-05-30","Recruitment Tests","Recruitment/recruitment.spec.js","",""
"","6979","Verify Candidates tab","webkit","2026-05-30","passed","2026-05-30","Recruitment Tests","Recruitment/recruitment.spec.js","",""
"","7896","Quick Launch - Timesheets","chromium","2026-05-30","passed","2026-05-30","Dashboard Module Tests","Dashboard/dashboard.spec.js","",""
"","8277","Salary","webkit","2026-05-30","passed","2026-05-30","profile Tests","Profile/myinfo.spec.js","",""
"","5549","View Support","firefox","2026-05-30","passed","2026-05-30","profile Tests","Profile/profile.spec.js","",""
"","8357","My Trackers","firefox","2026-05-30","passed","2026-05-30","Performance Tests","Perfomance/Performance.spec.js","",""
"","14180","Job Titles","firefox","2026-05-30","passed","2026-05-30","Admin functionality Tests","Admin/job.spec.js","",""
"","8227","Verify Search button visible","chromium","2026-05-30","passed","2026-05-30","Leave List Tests","Leave/leavelist.spec.js","",""
"","8855","to edit the timesheet","firefox","2026-05-30","passed","2026-05-30","Time Tests","Time/timesheet.spec.js","",""
"","6087","Add user","chromium","2026-05-30","passed","2026-05-30","Admin Tests","Admin/admin.spec.js","",""
"","7741","leave period check","webkit","2026-05-30","passed","2026-05-30","Apply Leave Tests","Leave/applyleave.spec.js","",""
"","2594","Login with empty fields","webkit","2026-05-30","passed","2026-05-30","OrangeHRM Authentication","Authentication/login.spec.js","",""
"","7076","Verify Add Employee page fields visible","webkit","2026-05-30","passed","2026-05-30","PIM - Add Employee","PIM/addEmployee.spec.js","",""
"","11102","Search employee with empty data","firefox","2026-05-30","passed","2026-05-30","PIM - Employee Search","PIM/employeesearch.spec.js","",""
"","9608","Change Password","firefox","2026-05-30","passed","2026-05-30","profile Tests","Profile/profile.spec.js","",""
"","6079","Open Leave module","chromium","2026-05-30","passed","2026-05-30","Leave Module Tests","Leave/leave.spec.js","",""
"","7820","Verify Reset button visible","webkit","2026-05-30","passed","2026-05-30","Leave List Tests","Leave/leavelist.spec.js","",""
"","2290","Prevent access to dashboard without login","chromium","2026-05-30","passed","2026-05-30","OrangeHRM Authentication","Authentication/login.spec.js","",""
"","7973","to edit the timesheet","webkit","2026-05-30","passed","2026-05-30","Time Tests","Time/timesheet.spec.js","",""
"","6759","Submit Claim","firefox","2026-05-30","passed","2026-05-30","Expenses claim Tests","Expenses claim/claim.spec.js","",""
"","8021","Verify Employee Name field visible","chromium","2026-05-30","passed","2026-05-30","Leave List Tests","Leave/leavelist.spec.js","",""
"","7293","project reports with time check","firefox","2026-05-30","passed","2026-05-30","Time Tests","Time/Reports.spec.js","",""
"","9986","workweeks check","webkit","2026-05-30","passed","2026-05-30","Apply Leave Tests","Leave/applyleave.spec.js","",""
"","8563","Help menu - AWS Guide","chromium","2026-05-30","passed","2026-05-30","Dashboard Module Tests","Dashboard/dashboard.spec.js","",""
"","2464","Verify login page UI elements","chromium","2026-05-30","passed","2026-05-30","OrangeHRM Authentication","Authentication/login.spec.js","",""
"","7541","workweeks check","firefox","2026-05-30","passed","2026-05-30","Apply Leave Tests","Leave/applyleave.spec.js","",""
"","9566","licences of employee","firefox","2026-05-30","passed","2026-05-30","Admin functionality Tests","Admin/adminfunc.spec.js","",""
"","6719","Verify Custom Fields page opens","firefox","2026-05-30","passed","2026-05-30","PIM - Add Employee","PIM/configpim.spec.js","",""
"","7128","Configure Trackers","firefox","2026-05-30","passed","2026-05-30","Performance Tests","Perfomance/Performance.spec.js","",""
"","10937","Role-based dashboard check","firefox","2026-05-30","passed","2026-05-30","Dashboard Module Tests","Dashboard/dashboard.spec.js","",""
"","5612","Logout successfully","firefox","2026-05-30","passed","2026-05-30","OrangeHRM Logout Module","Authentication/logout.spec.js","",""
"","6563","Verify Termination Reasons page opens","firefox","2026-05-30","passed","2026-05-30","PIM - Add Employee","PIM/configpim.spec.js","",""
"","2073","Login with empty username","chromium","2026-05-30","passed","2026-05-30","OrangeHRM Authentication","Authentication/login.spec.js","",""
"","7058","Verify Custom Fields page opens","webkit","2026-05-30","passed","2026-05-30","PIM - Add Employee","PIM/configpim.spec.js","",""
"","7439","employee attendance record check","firefox","2026-05-30","passed","2026-05-30","Time Tests","Time/Attendancetime.spec.js","",""
"","6715","MyReviews","chromium","2026-05-30","passed","2026-05-30","Performance Tests","Perfomance/Performance.spec.js","",""
"","7859","Verify Cancel button returns to PIM page","webkit","2026-05-30","passed","2026-05-30","PIM - Employee Validation Tests","PIM/employeevalidation.spec.js","",""
"","5120","Login with valid credentials","firefox","2026-05-30","passed","2026-05-30","OrangeHRM Authentication","Authentication/login.spec.js","",""
"","9707","Help menu - Mobile App","chromium","2026-05-30","passed","2026-05-30","Dashboard Module Tests","Dashboard/dashboard.spec.js","",""
"","4985","Verify Recruitment tab","chromium","2026-05-30","passed","2026-05-30","Recruitment Tests","Recruitment/recruitment.spec.js","",""
"","10206","Verify Leave Type dropdown visible","firefox","2026-05-30","passed","2026-05-30","Apply Leave Tests","Leave/applyleave.spec.js","",""
"","11405","Approved leave","firefox","2026-05-30","passed","2026-05-30","Apply Leave Tests","Leave/applyleave.spec.js","",""
"","8388","View Profile","webkit","2026-05-30","passed","2026-05-30","profile Tests","Profile/profile.spec.js","",""
"","4380","Logout Functionality","firefox","2026-05-30","passed","2026-05-30","OrangeHRM Logout Module","Authentication/logout.spec.js","",""
"","3776","View Support","chromium","2026-05-30","passed","2026-05-30","profile Tests","Profile/profile.spec.js","",""
"","8221","Verify Time tab","chromium","2026-05-30","passed","2026-05-30","Time Tests","Time/timesheet.spec.js","",""
"","7691","employee entitlements","chromium","2026-05-30","passed","2026-05-30","Leave List Tests","Leave/Entitlement.spec.js","",""
"","6749","Expense Types","chromium","2026-05-30","passed","2026-05-30","Expenses claim Tests","Expenses claim/claim.spec.js","",""
"","10924","Role-based dashboard check","webkit","2026-05-30","passed","2026-05-30","Dashboard Module Tests","Dashboard/dashboard.spec.js","",""
"","9019","Verify Cancel button returns to PIM page","firefox","2026-05-30","passed","2026-05-30","PIM - Employee Validation Tests","PIM/employeevalidation.spec.js","",""
"","9355","licences of employee","chromium","2026-05-30","passed","2026-05-30","Admin functionality Tests","Admin/adminfunc.spec.js","",""
"","6863","checking the candidate who is IT manager","chromium","2026-05-30","passed","2026-05-30","Candidates Tests","Recruitment/candidates.spec.js","",""
"","5412","Verify employee search field visible","webkit","2026-05-30","passed","2026-05-30","PIM - Employee Search","PIM/employeesearch.spec.js","",""
"","6776","Verify Leave List page visible","webkit","2026-05-30","passed","2026-05-30","Leave Module Tests","Leave/leave.spec.js","",""
"","6854","Verify Time tab","webkit","2026-05-30","passed","2026-05-30","Time Tests","Time/timesheet.spec.js","",""
"","4470","Login with invalid password","chromium","2026-05-30","passed","2026-05-30","OrangeHRM Authentication","Authentication/login.spec.js","",""
"","7921","Configuration Events","firefox","2026-05-30","passed","2026-05-30","Expenses claim Tests","Expenses claim/claim.spec.js","",""
"","5957","Verify Recruitment tab","webkit","2026-05-30","passed","2026-05-30","Recruitment Tests","Recruitment/recruitment.spec.js","",""
"","8495","Quick Launch - Leave List","webkit","2026-05-30","passed","2026-05-30","Dashboard Module Tests","Dashboard/dashboard.spec.js","",""
"","5962","Verify search button visible","webkit","2026-05-30","passed","2026-05-30","PIM - Employee Search","PIM/employeesearch.spec.js","",""
"","9022","Submit Claim","webkit","2026-05-30","passed","2026-05-30","Expenses claim Tests","Expenses claim/claim.spec.js","",""
"","6445","Search employee by name","firefox","2026-05-30","passed","2026-05-30","PIM - Employee Search","PIM/employeesearch.spec.js","",""
"","8946","Checking the name of the hiring manager","firefox","2026-05-30","passed","2026-05-30","Vacancies Tests","Recruitment/Vacancies.spec.js","",""
"","6070","Salary","chromium","2026-05-30","passed","2026-05-30","profile Tests","Profile/myinfo.spec.js","",""
"","8055","Quick Launch - Leave List","chromium","2026-05-30","passed","2026-05-30","Dashboard Module Tests","Dashboard/dashboard.spec.js","",""
"","8098","My Claims","chromium","2026-05-30","passed","2026-05-30","Expenses claim Tests","Expenses claim/claim.spec.js","",""
"","8073","configuration with time check","firefox","2026-05-30","passed","2026-05-30","Time Tests","Time/Attendancetime.spec.js","",""
"","6953","membership","chromium","2026-05-30","passed","2026-05-30","Admin functionality Tests","Admin/adminfunc.spec.js","",""
"","13058","Quick Launch - Assign Leave","chromium","2026-05-30","passed","2026-05-30","Dashboard Module Tests","Dashboard/dashboard.spec.js","",""
"","6087","Memberships","chromium","2026-05-30","passed","2026-05-30","profile Tests","Profile/myinfo.spec.js","",""
"","6788","to validate the timesheet","webkit","2026-05-30","passed","2026-05-30","Time Tests","Time/timesheet.spec.js","",""
"","3227","Login with invalid username","chromium","2026-05-30","passed","2026-05-30","OrangeHRM Authentication","Authentication/login.spec.js","",""
"","6452","Add user","firefox","2026-05-30","passed","2026-05-30","Admin Tests","Admin/admin.spec.js","",""
"","11822","checking the candidate who applied in offline mode","firefox","2026-05-30","passed","2026-05-30","Candidates Tests","Recruitment/candidates.spec.js","",""
"","8349","Employee Claims","webkit","2026-05-30","passed","2026-05-30","Expenses claim Tests","Expenses claim/claim.spec.js","",""
"","6248","project reports with time check","webkit","2026-05-30","passed","2026-05-30","Time Tests","Time/Reports.spec.js","",""
"","6413","Search employee after navigation","firefox","2026-05-30","passed","2026-05-30","PIM - Employee Full Flow","PIM/employeeflow.spec.js","",""
"","9638","Verify Employee Name field visible","firefox","2026-05-30","passed","2026-05-30","Leave List Tests","Leave/leavelist.spec.js","",""
"","10972","Validate required fields on submit","webkit","2026-05-30","passed","2026-05-30","PIM - Employee Validation Tests","PIM/employeevalidation.spec.js","",""
"","12792","Search employee by name","webkit","2026-05-30","passed","2026-05-30","PIM - Employee Search","PIM/employeesearch.spec.js","",""
"","5273","My Records with time check","chromium","2026-05-30","passed","2026-05-30","Time Tests","Time/Attendancetime.spec.js","",""
"","15818","Verify employee list page opens","webkit","2026-05-30","passed","2026-05-30","PIM - Employee Search","PIM/employeesearch.spec.js","",""
"","4272","Login with invalid password","webkit","2026-05-30","passed","2026-05-30","OrangeHRM Authentication","Authentication/login.spec.js","",""
"","4562","Verify search button visible","chromium","2026-05-30","passed","2026-05-30","PIM - Employee Search","PIM/employeesearch.spec.js","",""
"","9504","holiday check","firefox","2026-05-30","passed","2026-05-30","Apply Leave Tests","Leave/applyleave.spec.js","",""
"","11763","Help menu - Employee User Guide","chromium","2026-05-30","passed","2026-05-30","Dashboard Module Tests","Dashboard/dashboard.spec.js","",""
"","10272","Quick Launch - Leave List","firefox","2026-05-30","passed","2026-05-30","Dashboard Module Tests","Dashboard/dashboard.spec.js","",""
"","5942","Verify Candidates tab","firefox","2026-05-30","passed","2026-05-30","Recruitment Tests","Recruitment/recruitment.spec.js","",""
"","6205","Verify Recruitment tab","firefox","2026-05-30","passed","2026-05-30","Recruitment Tests","Recruitment/recruitment.spec.js","",""
"","4858","Verify employee table visible","chromium","2026-05-30","passed","2026-05-30","PIM - Employee Search","PIM/employeesearch.spec.js","",""
"","11285","Verify Cancel button navigates back","firefox","2026-05-30","passed","2026-05-30","PIM - Add Employee","PIM/addEmployee.spec.js","",""
"","6706","checking the candidate who applied in online mode","chromium","2026-05-30","passed","2026-05-30","Candidates Tests","Recruitment/candidates.spec.js","",""
"","7709","Open Apply Leave page","firefox","2026-05-30","passed","2026-05-30","Leave Module Tests","Leave/leave.spec.js","",""
"","8270","Memberships","firefox","2026-05-30","passed","2026-05-30","profile Tests","Profile/myinfo.spec.js","",""
"","6554","to view the timesheet","webkit","2026-05-30","passed","2026-05-30","Time Tests","Time/timesheet.spec.js","",""
"","7984","Configure Performance","webkit","2026-05-30","passed","2026-05-30","Performance Tests","Perfomance/Performance.spec.js","",""
"","12951","Add employee with only first name (negative case)","firefox","2026-05-30","passed","2026-05-30","PIM - Add Employee","PIM/addEmployee.spec.js","",""
"","5892","Logout successfully","webkit","2026-05-30","passed","2026-05-30","OrangeHRM Logout Module","Authentication/logout.spec.js","",""
"","7643","Expense Types","firefox","2026-05-30","passed","2026-05-30","Expenses claim Tests","Expenses claim/claim.spec.js","",""
"","5943","Search for user","firefox","2026-05-30","passed","2026-05-30","Admin Tests","Admin/admin.spec.js","",""
"","6159","holiday check","chromium","2026-05-30","passed","2026-05-30","Apply Leave Tests","Leave/applyleave.spec.js","",""
"","4297","Change Password","chromium","2026-05-30","passed","2026-05-30","profile Tests","Profile/profile.spec.js","",""
"","7019","leave types check","webkit","2026-05-30","passed","2026-05-30","Apply Leave Tests","Leave/applyleave.spec.js","",""
"","6826","Search for user","webkit","2026-05-30","passed","2026-05-30","Admin Tests","Admin/admin.spec.js","",""
"","12036","customers project info with time check","chromium","2026-05-30","passed","2026-05-30","Time Tests","Time/projectinfo.spec.js","",""
"","7765","Verify Cancel button navigates back","webkit","2026-05-30","passed","2026-05-30","PIM - Add Employee","PIM/addEmployee.spec.js","",""
"","7524","leave types check","firefox","2026-05-30","passed","2026-05-30","Apply Leave Tests","Leave/applyleave.spec.js","",""
"","4603","Verify reset button visible","chromium","2026-05-30","passed","2026-05-30","PIM - Employee Search","PIM/employeesearch.spec.js","",""
"","8028","Verify Data Import page opens","chromium","2026-05-30","passed","2026-05-30","PIM - Add Employee","PIM/configpim.spec.js","",""
"","7826","Configuration Events","chromium","2026-05-30","passed","2026-05-30","Expenses claim Tests","Expenses claim/claim.spec.js","",""
"","5202","Verify Reporting Methods page opens","chromium","2026-05-30","passed","2026-05-30","PIM - Add Employee","PIM/configpim.spec.js","",""
"","9183","Work Shifts","firefox","2026-05-30","passed","2026-05-30","Admin functionality Tests","Admin/job.spec.js","",""
"","6241","employee reports with time check","webkit","2026-05-30","passed","2026-05-30","Time Tests","Time/Reports.spec.js","",""
"","13754","Help menu - FAQs","firefox","2026-05-30","passed","2026-05-30","Dashboard Module Tests","Dashboard/dashboard.spec.js","",""
"","6705","to know about work shifts","firefox","2026-05-30","passed","2026-05-30","Admin Tests","Admin/admin.spec.js","",""
"","8923","Employee Distribution by Location","firefox","2026-05-30","passed","2026-05-30","Dashboard Module Tests","Dashboard/dashboard.spec.js","",""
"","9917","Configure Trackers","webkit","2026-05-30","passed","2026-05-30","Performance Tests","Perfomance/Performance.spec.js","",""
"","8858","Expense Types","webkit","2026-05-30","passed","2026-05-30","Expenses claim Tests","Expenses claim/claim.spec.js","",""
"","6961","Open Nationalities page","firefox","2026-05-30","passed","2026-05-30","Admin Tests","Admin/admin.spec.js","",""
"","6320","attendance summary with time check","webkit","2026-05-30","passed","2026-05-30","Time Tests","Time/Reports.spec.js","",""
"","5681","Search employee using partial name","chromium","2026-05-30","passed","2026-05-30","PIM - Employee Search","PIM/employeesearch.spec.js","",""
"","6147","to know about work shifts","chromium","2026-05-30","passed","2026-05-30","Admin Tests","Admin/admin.spec.js","",""
"","9378","Configure Performance","chromium","2026-05-30","passed","2026-05-30","Performance Tests","Perfomance/Performance.spec.js","",""
"","3204","Login with empty password","firefox","2026-05-30","passed","2026-05-30","OrangeHRM Authentication","Authentication/login.spec.js","",""
"","13111","project info with time check","chromium","2026-05-30","passed","2026-05-30","Time Tests","Time/projectinfo.spec.js","",""
"","11427","Verify search button visible","firefox","2026-05-30","passed","2026-05-30","PIM - Employee Search","PIM/employeesearch.spec.js","",""
"","7188","Dependents","webkit","2026-05-30","passed","2026-05-30","profile Tests","Profile/myinfo.spec.js","",""
"","4426","Login with invalid username","firefox","2026-05-30","passed","2026-05-30","OrangeHRM Authentication","Authentication/login.spec.js","",""
"","9628","Help menu - Employee User Guide","firefox","2026-05-30","passed","2026-05-30","Dashboard Module Tests","Dashboard/dashboard.spec.js","",""
"","6488","customers project info with time check","webkit","2026-05-30","passed","2026-05-30","Time Tests","Time/projectinfo.spec.js","",""
"","8742","MyReviews","webkit","2026-05-30","passed","2026-05-30","Performance Tests","Perfomance/Performance.spec.js","",""
"","7142","membership","firefox","2026-05-30","passed","2026-05-30","Admin functionality Tests","Admin/adminfunc.spec.js","",""
"","4266","Login with invalid password","firefox","2026-05-30","passed","2026-05-30","OrangeHRM Authentication","Authentication/login.spec.js","",""
"","8399","Verify employee list page opens","chromium","2026-05-30","passed","2026-05-30","PIM - Employee Search","PIM/employeesearch.spec.js","",""
"","5821","Login and Logout flow","firefox","2026-05-30","passed","2026-05-30","OrangeHRM Authentication","Authentication/login.spec.js","",""
"","8739","leave history","webkit","2026-05-30","passed","2026-05-30","Apply Leave Tests","Leave/applyleave.spec.js","",""
"","6546","Verify Reporting Methods page opens","firefox","2026-05-30","passed","2026-05-30","PIM - Add Employee","PIM/configpim.spec.js","",""
"","6593","Verify Termination Reasons page opens","webkit","2026-05-30","passed","2026-05-30","PIM - Add Employee","PIM/configpim.spec.js","",""
"","10560","Approved leave","webkit","2026-05-30","passed","2026-05-30","Apply Leave Tests","Leave/applyleave.spec.js","",""
"","6661","to view the timesheet","chromium","2026-05-30","passed","2026-05-30","Time Tests","Time/timesheet.spec.js","",""
"","30097","Verify Add Employee page loads correctly","chromium","2026-05-30","broken","2026-05-30","PIM - Employee Validation Tests","PIM/employeevalidation.spec.js","",""
"","7662","Employees on Leave Today","firefox","2026-05-30","passed","2026-05-30","Dashboard Module Tests","Dashboard/dashboard.spec.js","",""
"","12761","Employment Status","chromium","2026-05-30","passed","2026-05-30","Admin functionality Tests","Admin/job.spec.js","",""
"","10291","Verify employee search field visible","firefox","2026-05-30","passed","2026-05-30","PIM - Employee Search","PIM/employeesearch.spec.js","",""
"","8465","Employee Claims","firefox","2026-05-30","passed","2026-05-30","Expenses claim Tests","Expenses claim/claim.spec.js","",""
"","6629","employee Reviews","webkit","2026-05-30","passed","2026-05-30","Performance Tests","Perfomance/Performance.spec.js","",""
"","8638","Apply Leave","chromium","2026-05-30","passed","2026-05-30","Apply Leave Tests","Leave/applyleave.spec.js","",""
"","8911","Help menu - FAQs","webkit","2026-05-30","passed","2026-05-30","Dashboard Module Tests","Dashboard/dashboard.spec.js","",""
"","8100","Work Shifts","webkit","2026-05-30","passed","2026-05-30","Admin functionality Tests","Admin/job.spec.js","",""
"","2227","Login with empty fields","chromium","2026-05-30","passed","2026-05-30","OrangeHRM Authentication","Authentication/login.spec.js","",""
"","7796","My Info","chromium","2026-05-30","passed","2026-05-30","profile Tests","Profile/myinfo.spec.js","",""
"","5441","Search for user","chromium","2026-05-30","passed","2026-05-30","Admin Tests","Admin/admin.spec.js","",""
"","8202","Checking the role software engineer","firefox","2026-05-30","passed","2026-05-30","Vacancies Tests","Recruitment/Vacancies.spec.js","",""
"","6506","Report-to","firefox","2026-05-30","passed","2026-05-30","profile Tests","Profile/myinfo.spec.js","",""
"","6246","Verify Optional Fields page opens","webkit","2026-05-30","passed","2026-05-30","PIM - Add Employee","PIM/configpim.spec.js","",""
"","8110","Employees on Leave Today","webkit","2026-05-30","passed","2026-05-30","Dashboard Module Tests","Dashboard/dashboard.spec.js","",""
"","6270","Verify employee table visible","firefox","2026-05-30","passed","2026-05-30","PIM - Employee Search","PIM/employeesearch.spec.js","",""
"","8725","Checking the status","webkit","2026-05-30","passed","2026-05-30","Vacancies Tests","Recruitment/Vacancies.spec.js","",""
"","12700","Job Titles","chromium","2026-05-30","passed","2026-05-30","Admin functionality Tests","Admin/job.spec.js","",""
"","6972","Verify Optional Fields page opens","firefox","2026-05-30","passed","2026-05-30","PIM - Add Employee","PIM/configpim.spec.js","",""
"","7653","add button","chromium","2026-05-30","passed","2026-05-30","Vacancies Tests","Recruitment/Vacancies.spec.js","",""
"","6385","Verify Data Import page opens","firefox","2026-05-30","passed","2026-05-30","PIM - Add Employee","PIM/configpim.spec.js","",""
"","9547","Search employee with empty data","webkit","2026-05-30","passed","2026-05-30","PIM - Employee Search","PIM/employeesearch.spec.js","",""
"","6801","checking who are shortlisted","chromium","2026-05-30","passed","2026-05-30","Candidates Tests","Recruitment/candidates.spec.js","",""
"","6579","Reset employee search fields","webkit","2026-05-30","passed","2026-05-30","PIM - Employee Search","PIM/employeesearch.spec.js","",""
"","9217","Pay Grades","webkit","2026-05-30","passed","2026-05-30","Admin functionality Tests","Admin/job.spec.js","",""
"","11708","Help menu- Admin User Guide","webkit","2026-05-30","passed","2026-05-30","Dashboard Module Tests","Dashboard/dashboard.spec.js","",""
"","6661","Add user","webkit","2026-05-30","passed","2026-05-30","Admin Tests","Admin/admin.spec.js","",""
"","14294","Open Admin module","webkit","2026-05-30","passed","2026-05-30","Admin Tests","Admin/admin.spec.js","",""
"","8468","leave period check","chromium","2026-05-30","passed","2026-05-30","Apply Leave Tests","Leave/applyleave.spec.js","",""
"","6203","holiday check","webkit","2026-05-30","passed","2026-05-30","Apply Leave Tests","Leave/applyleave.spec.js","",""
"","7951","Assign Claim","firefox","2026-05-30","passed","2026-05-30","Expenses claim Tests","Expenses claim/claim.spec.js","",""
"","6123","Role-based dashboard check","chromium","2026-05-30","passed","2026-05-30","Dashboard Module Tests","Dashboard/dashboard.spec.js","",""
"","2747","Login with empty fields","firefox","2026-05-30","passed","2026-05-30","OrangeHRM Authentication","Authentication/login.spec.js","",""
"","5798","punch in/out with time check","chromium","2026-05-30","passed","2026-05-30","Time Tests","Time/Attendancetime.spec.js","",""
"","6726","Dependents","chromium","2026-05-30","passed","2026-05-30","profile Tests","Profile/myinfo.spec.js","",""
"","6323","checking the candidate who applied in offline mode","chromium","2026-05-30","passed","2026-05-30","Candidates Tests","Recruitment/candidates.spec.js","",""
"","8207","Open Nationalities page","webkit","2026-05-30","passed","2026-05-30","Admin Tests","Admin/admin.spec.js","",""
"","8591","Employees on Leave Today","chromium","2026-05-30","passed","2026-05-30","Dashboard Module Tests","Dashboard/dashboard.spec.js","",""
"","7072","Emergency Contacts","webkit","2026-05-30","passed","2026-05-30","profile Tests","Profile/myinfo.spec.js","",""
"","15053","checking who are shortlisted","firefox","2026-05-30","passed","2026-05-30","Candidates Tests","Recruitment/candidates.spec.js","",""
"","8871","Rejected leave","firefox","2026-05-30","passed","2026-05-30","Apply Leave Tests","Leave/applyleave.spec.js","",""
"","7329","leave types check","chromium","2026-05-30","passed","2026-05-30","Apply Leave Tests","Leave/applyleave.spec.js","",""
"","9256","My Trackers","webkit","2026-05-30","passed","2026-05-30","Performance Tests","Perfomance/Performance.spec.js","",""
"","3482","Logout Functionality","chromium","2026-05-30","passed","2026-05-30","OrangeHRM Logout Module","Authentication/logout.spec.js","",""
"","8043","Employee Distribution by Location","webkit","2026-05-30","passed","2026-05-30","Dashboard Module Tests","Dashboard/dashboard.spec.js","",""
"","7116","Widget visibility","webkit","2026-05-30","passed","2026-05-30","Dashboard Module Tests","Dashboard/dashboard.spec.js","",""
"","30338","Verify Add Employee page loads correctly","firefox","2026-05-30","broken","2026-05-30","PIM - Employee Validation Tests","PIM/employeevalidation.spec.js","",""
"","8699","checking the candidate who applied in online mode","webkit","2026-05-30","passed","2026-05-30","Candidates Tests","Recruitment/candidates.spec.js","",""
"","7472","Employee Claims","chromium","2026-05-30","passed","2026-05-30","Expenses claim Tests","Expenses claim/claim.spec.js","",""
"","8241","My Records with time check","firefox","2026-05-30","passed","2026-05-30","Time Tests","Time/Attendancetime.spec.js","",""
"","9260","Verify Employee Name field visible","webkit","2026-05-30","passed","2026-05-30","Leave List Tests","Leave/leavelist.spec.js","",""
"","7984","to validate the timesheet","firefox","2026-05-30","passed","2026-05-30","Time Tests","Time/timesheet.spec.js","",""
"","10222","Verify Search button visible","firefox","2026-05-30","passed","2026-05-30","Leave List Tests","Leave/leavelist.spec.js","",""
"","12599","Add employee successfully","webkit","2026-05-30","passed","2026-05-30","PIM - Add Employee","PIM/addEmployee.spec.js","",""
"","7346","Verify reset button visible","firefox","2026-05-30","passed","2026-05-30","PIM - Employee Search","PIM/employeesearch.spec.js","",""
"","7442","punch in/out with time check","firefox","2026-05-30","passed","2026-05-30","Time Tests","Time/Attendancetime.spec.js","",""
"","5994","Report-to","chromium","2026-05-30","passed","2026-05-30","profile Tests","Profile/myinfo.spec.js","",""
"","13604","checking the candidate who applied in online mode","firefox","2026-05-30","passed","2026-05-30","Candidates Tests","Recruitment/candidates.spec.js","",""
"","8053","Checking the role software engineer","webkit","2026-05-30","passed","2026-05-30","Vacancies Tests","Recruitment/Vacancies.spec.js","",""
"","13786","membership","webkit","2026-05-30","passed","2026-05-30","Admin functionality Tests","Admin/adminfunc.spec.js","",""
"","9835","Checking the role software engineer","chromium","2026-05-30","passed","2026-05-30","Vacancies Tests","Recruitment/Vacancies.spec.js","",""
"","17824","Job Titles","webkit","2026-05-30","passed","2026-05-30","Admin functionality Tests","Admin/job.spec.js","",""
"","7356","Approved leave","chromium","2026-05-30","passed","2026-05-30","Apply Leave Tests","Leave/applyleave.spec.js","",""
"","9052","checking the candidate who applied in offline mode","webkit","2026-05-30","passed","2026-05-30","Candidates Tests","Recruitment/candidates.spec.js","",""
"","6946","punch in/out with time check","webkit","2026-05-30","passed","2026-05-30","Time Tests","Time/Attendancetime.spec.js","",""
"","6026","Corporate Branding","chromium","2026-05-30","passed","2026-05-30","Admin functionality Tests","Admin/adminfunc.spec.js","",""
"","4544","Login and Logout flow","chromium","2026-05-30","passed","2026-05-30","OrangeHRM Authentication","Authentication/login.spec.js","",""
"","5696","View Profile","firefox","2026-05-30","passed","2026-05-30","profile Tests","Profile/profile.spec.js","",""
"","5084","Logout Functionality","webkit","2026-05-30","passed","2026-05-30","OrangeHRM Logout Module","Authentication/logout.spec.js","",""
"","8397","Employee Trackers","firefox","2026-05-30","passed","2026-05-30","Performance Tests","Perfomance/Performance.spec.js","",""
"","6791","Job Categories","chromium","2026-05-30","passed","2026-05-30","Admin functionality Tests","Admin/job.spec.js","",""
"","7765","Report-to","webkit","2026-05-30","passed","2026-05-30","profile Tests","Profile/myinfo.spec.js","",""
